ướt,Khăn giấy ướt lau giày thể thao siêu tốc
ướt,Khăn giấy ướt lau giày thể thao siêu tốc
khô,khẩu trang
khô,Khăn giấy ướt lau giày thể thao siêu tốc
khô,khẩu trang
khô,Khăn giấy ướt lau giày thể thao siêu tốc,bông
khô,bông,vệ sinh,Khăn giấy ướt lau giày thể thao siêu tốc
khẩu trang,ướt,Khăn giấy ướt lau giày thể thao siêu tốc
ướt,Khăn giấy ướt lau giày thể thao siêu tốc
vệ sinh,ướt,Khăn giấy ướt lau giày thể thao siêu tốc,khẩu trang
khăn,khô,ướt
ướt,Khăn giấy ướt lau giày thể thao siêu tốc
khăn,Khăn giấy ướt lau giày thể thao siêu tốc
ướt,Khăn giấy ướt lau giày thể thao siêu tốc
khô,khăn,bông
ướt,Khăn giấy ướt lau giày thể thao siêu tốc
khô,khăn
ướt,khăn
khô,Khăn giấy ướt lau giày thể thao siêu tốc
ướt,Khăn giấy ướt lau giày thể thao siêu tốc
khô,Khăn giấy ướt lau giày thể thao siêu tốc
ướt,Khăn giấy ướt lau giày thể thao siêu tốc,khăn
khô,khăn,Khăn giấy ướt lau giày thể thao siêu tốc
khẩu trang,bông
ướt,Khăn giấy ướt lau giày thể thao siêu tốc
vệ sinh,khăn
khô,vệ sinh,Khăn giấy ướt lau giày thể thao siêu tốc,ướt
khô,Khăn giấy ướt lau giày thể thao siêu tốc
vệ sinh,Khăn giấy ướt lau giày thể thao siêu tốc,khô
ướt,Khăn giấy ướt lau giày thể thao siêu tốc
ướt,Khăn giấy ướt lau giày thể thao siêu tốc
khô,khẩu trang,ướt
khô,khăn
khô,khăn,Khăn giấy ướt lau giày thể thao siêu tốc
khô,khăn
khô,ướt,khăn
khô,ướt,Khăn giấy ướt lau giày thể thao siêu tốc
khô,Khăn giấy ướt lau giày thể thao siêu tốc
khô,ướt,khăn
ướt,Khăn giấy ướt lau giày thể thao siêu tốc
khô,bông,ướt
khô,Khăn giấy ướt lau giày thể thao siêu tốc,khẩu trang
ướt,khăn,Khăn giấy ướt lau giày thể thao siêu tốc
ướt,Khăn giấy ướt lau giày thể thao siêu tốc
ướt,Khăn giấy ướt lau giày thể thao siêu tốc,khăn
ướt,Khăn giấy ướt lau giày thể thao siêu tốc
khẩu trang,bông
khô,khẩu trang,khăn,Khăn giấy ướt lau giày thể thao siêu tốc
khô,Khăn giấy ướt lau giày thể thao siêu tốc
khô,Khăn giấy ướt lau giày thể thao siêu tốc
khô,Khăn giấy ướt lau giày thể thao siêu tốc
khô,khăn,Khăn giấy ướt lau giày thể thao siêu tốc
ướt,khăn
vệ sinh,ướt,Khăn giấy ướt lau giày thể thao siêu tốc
khô,Khăn giấy ướt lau giày thể thao siêu tốc
khô,Khăn giấy ướt lau giày thể thao siêu tốc
ướt,Khăn giấy ướt lau giày thể thao siêu tốc
khô,khẩu trang
khô,Khăn giấy ướt lau giày thể thao siêu tốc
khẩu trang,ướt,Khăn giấy ướt lau giày thể thao siêu tốc
ướt,Khăn giấy ướt lau giày thể thao siêu tốc
khô,khẩu trang,khăn
khẩu trang,ướt
bông,khẩu trang,ướt
khô,ướt,Khăn giấy ướt lau giày thể thao siêu tốc
khô,Khăn giấy ướt lau giày thể thao siêu tốc
khô,ướt,Khăn giấy ướt lau giày thể thao siêu tốc
khô,Khăn giấy ướt lau giày thể thao siêu tốc
khô,Khăn giấy ướt lau giày thể thao siêu tốc
khô,Khăn giấy ướt lau giày thể thao siêu tốc,bông










